<?xml version="1.0" encoding="UTF-8"?>
<project-private xmlns="http://www.netbeans.org/ns/project-private/1">
    <editor-bookmarks xmlns="http://www.netbeans.org/ns/editor-bookmarks/2" lastBookmarkId="0"/>
    <open-files xmlns="http://www.netbeans.org/ns/projectui-open-files/2">
        <group>
            <file>file:/E:/OneDrive/FU_Teacher/CSD201/2-Download%20CSD201%20sample%20PE/CSD201_sample_PE/CSD201_given/Q1/src/Car.java</file>
            <file>file:/E:/OneDrive/FU_Teacher/CSD201/2-Download%20CSD201%20sample%20PE/CSD201_sample_PE/CSD201_given/Q1/src/Main.java</file>
            <file>file:/E:/OneDrive/FU_Teacher/CSD201/2-Download%20CSD201%20sample%20PE/CSD201_sample_PE/CSD201_given/Q1/src/Lib.java</file>
            <file>file:/E:/OneDrive/FU_Teacher/CSD201/2-Download%20CSD201%20sample%20PE/CSD201_sample_PE/CSD201_given/Q1/src/MyList.java</file>
        </group>
    </open-files>
</project-private>
